"","PD04638PD"
"","Tipo de cambio - TC Interbancario (S/ por US$) - Venta"
01Ene19,n.d.
02Ene19,3.37157142857143
03Ene19,3.37014285714286
04Ene19,3.35528571428571
07Ene19,3.34985714285714
08Ene19,3.34914285714286
09Ene19,3.33428571428571
10Ene19,3.343
11Ene19,3.34257142857143
14Ene19,3.34514285714286
15Ene19,3.33842857142857
16Ene19,3.332
17Ene19,3.33214285714286
18Ene19,3.31885714285714
21Ene19,3.32828571428571
22Ene19,3.33685714285714
23Ene19,3.338
24Ene19,3.34785714285714
25Ene19,3.34271428571429
28Ene19,3.356
29Ene19,3.35942857142857
30Ene19,3.35342857142857
31Ene19,3.33157142857143
01Feb19,3.329
04Feb19,3.33114285714286
05Feb19,3.32857142857143
06Feb19,3.32642857142857
07Feb19,3.32428571428571
08Feb19,3.32328571428571
11Feb19,3.33057142857143
12Feb19,3.33214285714286
13Feb19,3.338
14Feb19,3.34071428571429
15Feb19,3.32942857142857
18Feb19,3.32085714285714
19Feb19,3.31657142857143
20Feb19,3.31871428571429
21Feb19,3.32085714285714
22Feb19,3.30785714285714
25Feb19,3.30442857142857
26Feb19,3.30942857142857
27Feb19,3.30328571428571
28Feb19,3.30328571428571
01Mar19,3.30628571428571
04Mar19,3.31114285714286
05Mar19,3.31157142857143
06Mar19,3.30914285714286
07Mar19,3.31042857142857
08Mar19,3.31414285714286
11Mar19,3.3079
12Mar19,3.30142857142857
13Mar19,3.29271428571429
14Mar19,3.29742857142857
15Mar19,3.29814285714286
18Mar19,3.29985714285714
19Mar19,3.30142857142857
20Mar19,3.29528571428571
21Mar19,3.29314285714286
22Mar19,3.303
25Mar19,3.30371428571429
26Mar19,3.305
27Mar19,3.31728571428571
28Mar19,3.31785714285714
29Mar19,3.32
01Abr19,3.30885714285714
02Abr19,3.31157142857143
03Abr19,3.30014285714286
04Abr19,3.29757142857143
05Abr19,3.29742857142857
08Abr19,3.29114285714286
09Abr19,3.29285714285714
10Abr19,3.29514285714286
11Abr19,3.29928571428571
12Abr19,3.29514285714286
15Abr19,3.29857142857143
16Abr19,3.29585714285714
17Abr19,3.29571428571429
18Abr19,n.d.
19Abr19,n.d.
22Abr19,3.30514285714286
23Abr19,3.31142857142857
24Abr19,3.323
25Abr19,3.33171428571429
26Abr19,3.31928571428571
29Abr19,3.31642857142857
30Abr19,3.30857142857143
01May19,n.d.
02May19,3.31528571428571
03May19,3.30142857142857
06May19,3.312
07May19,3.315
08May19,3.31557142857143
09May19,3.32314285714286
10May19,3.31542857142857
13May19,3.33271428571429
14May19,3.32314285714286
15May19,3.32285714285714
16May19,3.31671428571429
17May19,3.317
20May19,3.34142857142857
21May19,3.34542857142857
22May19,3.34557142857143
23May19,3.35085714285714
24May19,3.34485714285714
27May19,3.34814285714286
28May19,3.35542857142857
29May19,3.35757142857143
30May19,3.36357142857143
31May19,3.374
03Jun19,3.37242857142857
04Jun19,3.34928571428571
05Jun19,3.35028571428571
06Jun19,3.33485714285714
07Jun19,3.33371428571429
10Jun19,3.33428571428571
11Jun19,3.32985714285714
12Jun19,3.332
13Jun19,3.33142857142857
14Jun19,3.339
17Jun19,3.34871428571429
18Jun19,3.33685714285714
19Jun19,3.33371428571429
20Jun19,3.31128571428571
21Jun19,3.30285714285714
24Jun19,3.30028571428571
25Jun19,3.29814285714286
26Jun19,3.29885714285714
27Jun19,3.29214285714286
28Jun19,3.28957142857143
01Jul19,3.29
02Jul19,3.29142857142857
03Jul19,3.29571428571429
04Jul19,3.291
05Jul19,3.29614285714286
08Jul19,3.289
09Jul19,3.29185714285714
10Jul19,3.28685714285714
11Jul19,3.28485714285714
12Jul19,3.28357142857143
15Jul19,3.28585714285714
16Jul19,3.28742857142857
17Jul19,3.28642857142857
18Jul19,3.288
19Jul19,3.28457142857143
22Jul19,3.28571428571429
23Jul19,3.29271428571429
24Jul19,3.294
25Jul19,3.29914285714286
26Jul19,3.29942857142857
29Jul19,n.d.
30Jul19,n.d.
31Jul19,3.31085714285714
01Ago19,3.31971428571429
02Ago19,3.347
05Ago19,3.38457142857143
06Ago19,3.38242857142857
07Ago19,3.385
08Ago19,3.38128571428571
09Ago19,3.38185714285714
12Ago19,3.38914285714286
13Ago19,3.37885714285714
14Ago19,3.39428571428571
15Ago19,3.39328571428571
16Ago19,3.38428571428571
19Ago19,3.38571428571429
20Ago19,3.381
21Ago19,3.378
22Ago19,3.37914285714286
23Ago19,3.37542857142857
26Ago19,3.37942857142857
27Ago19,3.38885714285714
28Ago19,3.38971428571429
29Ago19,n.d.
30Ago19,n.d.
02Set19,3.40457142857143
03Set19,3.40571428571429
04Set19,3.38928571428572
05Set19,3.36442857142857
06Set19,3.34328571428571
09Set19,3.34585714285714
10Set19,3.34671428571429
11Set19,3.34457142857143
12Set19,3.32957142857143
13Set19,3.31771428571429
16Set19,3.327
17Set19,3.34485714285714
18Set19,3.345
19Set19,3.35442857142857
20Set19,3.36128571428571
23Set19,3.36357142857143
24Set19,3.34571428571429
25Set19,3.35185714285714
26Set19,3.36585714285714
27Set19,3.38728571428571
30Set19,3.38314285714286
01Oct19,3.39228571428571
02Oct19,3.387
03Oct19,3.37671428571429
04Oct19,3.37742857142857
07Oct19,3.388
08Oct19,n.d.
09Oct19,3.37642857142857
10Oct19,3.36185714285714
11Oct19,3.35757142857143
14Oct19,3.36685714285714
15Oct19,3.37157142857143
16Oct19,3.36942857142857
17Oct19,3.354
18Oct19,3.346
21Oct19,3.345
22Oct19,3.34271428571429
23Oct19,3.34614285714286
24Oct19,3.349
25Oct19,3.34614285714286
28Oct19,3.33214285714286
29Oct19,3.33714285714286
30Oct19,3.34828571428571
31Oct19,n.d.
01Nov19,n.d.
04Nov19,3.33471428571429
05Nov19,3.33728571428571
06Nov19,3.33985714285714
07Nov19,3.34571428571429
08Nov19,3.35528571428571
11Nov19,3.36385714285714
12Nov19,3.37657142857143
13Nov19,3.39342857142857
14Nov19,3.39128571428571
15Nov19,3.37028571428572
18Nov19,3.37085714285714
19Nov19,3.37871428571429
20Nov19,3.387
21Nov19,3.37871428571429
22Nov19,3.38414285714286
25Nov19,3.38771428571429
26Nov19,3.384
27Nov19,3.39271428571429
28Nov19,3.389
29Nov19,3.40014285714286
02Dic19,3.40071428571429
03Dic19,3.38985714285714
04Dic19,3.383
05Dic19,3.37728571428571
06Dic19,3.37828571428571
09Dic19,3.37914285714286
10Dic19,3.39128571428571
11Dic19,3.39271428571429
12Dic19,3.391
13Dic19,3.36928571428572
16Dic19,3.35871428571429
17Dic19,3.34542857142857
18Dic19,3.33742857142857
19Dic19,3.33885714285714
20Dic19,3.32357142857143
23Dic19,3.31614285714286
24Dic19,3.31628571428571
25Dic19,n.d.
26Dic19,3.32
27Dic19,3.322
30Dic19,3.317
31Dic19,3.31457142857143
01Ene20,n.d.
02Ene20,3.30314285714286
03Ene20,3.312
06Ene20,3.324
07Ene20,3.32657142857143
08Ene20,3.31914285714286
09Ene20,3.31985714285714
10Ene20,3.32457142857143
13Ene20,3.33785714285714
14Ene20,3.328
15Ene20,3.32471428571429
16Ene20,3.324
17Ene20,3.32271428571429
20Ene20,3.32171428571429
21Ene20,3.31857142857143
22Ene20,3.31485714285714
23Ene20,3.32114285714286
24Ene20,3.32257142857143
27Ene20,3.33771428571429
28Ene20,3.33442857142857
29Ene20,3.34671428571429
30Ene20,3.363
31Ene20,3.37742857142857
03Feb20,3.37457142857143
04Feb20,3.36085714285714
05Feb20,3.36028571428572
06Feb20,3.37414285714286
07Feb20,3.38828571428571
10Feb20,3.39714285714286
11Feb20,3.389
12Feb20,3.38185714285714
13Feb20,3.38457142857143
14Feb20,3.38242857142857
17Feb20,3.38271428571429
18Feb20,3.38528571428571
19Feb20,3.38385714285714
20Feb20,3.39157142857143
21Feb20,3.39271428571429
24Feb20,3.40457142857143
25Feb20,3.40671428571429
26Feb20,3.41271428571429
27Feb20,3.43114285714286
28Feb20,3.456
02Mar20,3.445
03Mar20,3.43
04Mar20,3.42257142857143
05Mar20,3.44671428571429
06Mar20,3.47685714285714
09Mar20,3.50571428571429
10Mar20,3.498
11Mar20,3.51128571428571
12Mar20,3.54771428571429
13Mar20,3.52957142857143
16Mar20,3.55642857142857
17Mar20,3.55142857142857
18Mar20,3.57316666666667
19Mar20,3.5635
20Mar20,3.52883333333333
23Mar20,3.53966666666667
24Mar20,3.52166666666667
25Mar20,3.49383333333333
26Mar20,3.42616666666667
27Mar20,3.4255
30Mar20,3.44133333333333
31Mar20,3.44016666666667
01Abr20,3.46733333333333
02Abr20,3.45566666666667
03Abr20,3.4585
06Abr20,3.41283333333333
07Abr20,3.37283333333333
08Abr20,3.35733333333333
09Abr20,n.d.
10Abr20,n.d.
13Abr20,3.38183333333333
14Abr20,3.39533333333333
15Abr20,3.41933333333333
16Abr20,3.413
17Abr20,3.4065
20Abr20,3.40983333333333
21Abr20,3.396
22Abr20,3.376
23Abr20,3.36966666666667
24Abr20,3.38633333333333
27Abr20,3.4015
28Abr20,3.38633333333333
29Abr20,3.37166666666667
30Abr20,3.38116666666667
01May20,n.d.
04May20,3.39
05May20,3.39216666666667
06May20,3.40916666666667
07May20,3.40616666666667
08May20,3.39816666666667
11May20,3.42133333333333
12May20,3.4265
13May20,3.43983333333333
14May20,3.45466666666667
15May20,3.44416666666667
18May20,3.42133333333333
19May20,3.43016666666667
20May20,3.40533333333333
21May20,3.406
22May20,3.42883333333333
25May20,3.4275
26May20,3.42633333333333
27May20,3.453
28May20,3.4415
29May20,3.43233333333333
01Jun20,3.4195
02Jun20,3.40133333333333
03Jun20,3.392
04Jun20,3.428
05Jun20,3.43116666666667
08Jun20,3.44166666666667
09Jun20,3.44816666666667
10Jun20,3.43516666666667
11Jun20,3.45766666666667
12Jun20,3.46366666666667
15Jun20,3.486
16Jun20,3.47633333333333
17Jun20,3.49583333333333
18Jun20,3.51733333333333
19Jun20,3.51133333333333
22Jun20,3.4965
23Jun20,3.51966666666667
24Jun20,3.5265
25Jun20,3.50883333333333
26Jun20,3.52366666666667
29Jun20,n.d.
30Jun20,3.54383333333333
01Jul20,3.53583333333333
02Jul20,3.51933333333333
03Jul20,3.53266666666667
06Jul20,3.54783333333333
07Jul20,3.546
08Jul20,3.53333333333333
09Jul20,3.5185
10Jul20,3.50666666666667
13Jul20,3.5
14Jul20,3.50266666666667
15Jul20,3.49916666666667
16Jul20,3.50133333333333
17Jul20,3.51533333333333
20Jul20,3.51566666666667
21Jul20,3.49383333333333
22Jul20,3.50483333333333
23Jul20,3.5205
24Jul20,3.53533333333333
27Jul20,3.52666666666667
28Jul20,n.d.
29Jul20,3.50966666666667
30Jul20,3.51066666666667
31Jul20,3.53
03Ago20,3.5445
04Ago20,3.55166666666667
05Ago20,3.54816666666667
06Ago20,3.5475
07Ago20,3.55183333333333
10Ago20,3.56066666666667
11Ago20,3.56266666666667
12Ago20,3.56833333333333
13Ago20,3.57283333333333
14Ago20,3.576
17Ago20,3.58
18Ago20,3.5735
19Ago20,3.56266666666667
20Ago20,3.577
21Ago20,3.58483333333333
24Ago20,3.58366666666667
25Ago20,3.592
26Ago20,3.58366666666667
27Ago20,3.56816666666667
28Ago20,3.5395
31Ago20,3.54583333333333
01Set20,3.52633333333333
02Set20,3.53333333333333
03Set20,3.5425
04Set20,3.54883333333333
07Set20,3.53816666666667
08Set20,3.54566666666667
09Set20,3.5355
10Set20,3.54216666666667
11Set20,3.5725
14Set20,3.56933333333333
15Set20,3.5495
16Set20,3.53933333333333
17Set20,3.53433333333333
18Set20,3.52583333333333
21Set20,3.54816666666667
22Set20,3.55466666666667
23Set20,3.57133333333333
24Set20,3.58333333333333
25Set20,3.59483333333333
28Set20,3.59116666666667
29Set20,3.59566666666667
30Set20,3.60016666666667
01Oct20,3.60466666666667
02Oct20,3.62
05Oct20,3.60766666666667
06Oct20,3.58416666666667
07Oct20,3.57833333333333
08Oct20,3.57966666666667
09Oct20,3.57266666666667
12Oct20,3.59
13Oct20,3.59533333333333
14Oct20,3.592
15Oct20,3.58683333333333
16Oct20,3.58033333333333
19Oct20,3.5895
20Oct20,3.5895
21Oct20,3.59933333333333
22Oct20,3.60333333333333
23Oct20,3.60383333333333
26Oct20,3.60433333333333
27Oct20,3.6085
28Oct20,3.61366666666667
29Oct20,3.6125
30Oct20,3.614
02Nov20,3.61566666666667
03Nov20,3.60516666666667
04Nov20,3.59883333333333
05Nov20,3.59333333333333
06Nov20,3.59916666666667
09Nov20,3.58533333333333
10Nov20,3.6275
11Nov20,3.62366666666667
12Nov20,3.63766666666667
13Nov20,3.6475
16Nov20,3.66666666666667
17Nov20,3.62583333333333
18Nov20,3.57783333333333
19Nov20,3.57616666666667
20Nov20,3.58733333333333
23Nov20,3.6005
24Nov20,3.60783333333333
25Nov20,3.60883333333333
26Nov20,3.6065
27Nov20,3.6055
30Nov20,3.60783333333333
01Dic20,3.60566666666667
02Dic20,3.60633333333333
03Dic20,3.597
04Dic20,3.59116666666667
07Dic20,3.60183333333333
08Dic20,n.d.
09Dic20,3.6035
10Dic20,3.60016666666667
11Dic20,3.59833333333333
14Dic20,3.58833333333333
15Dic20,3.59133333333333
16Dic20,3.58733333333333
17Dic20,3.58583333333333
18Dic20,3.597
21Dic20,3.60783333333333
22Dic20,3.6155
23Dic20,3.6125
24Dic20,3.6127
25Dic20,n.d.
28Dic20,3.61616666666667
29Dic20,3.6195
30Dic20,3.61983333333333
31Dic20,3.623
01Ene21,n.d.
04Ene21,3.62666666666667
05Ene21,3.63366666666667
06Ene21,3.62683333333333
07Ene21,3.623
08Ene21,3.61383333333333
11Ene21,3.61733333333333
12Ene21,3.609
13Ene21,3.614
14Ene21,3.6135
15Ene21,3.61266666666667
18Ene21,3.617
19Ene21,3.61333333333333
20Ene21,3.61533333333333
21Ene21,3.622
22Ene21,3.63416666666667
25Ene21,3.644
26Ene21,3.64516666666667
27Ene21,3.653
28Ene21,3.64666666666667
29Ene21,3.63933333333333
01Feb21,3.6395
02Feb21,3.63883333333333
03Feb21,3.6385
04Feb21,3.64566666666667
05Feb21,3.63933333333333
08Feb21,3.643
09Feb21,3.64266666666667
10Feb21,3.63816666666667
11Feb21,3.63883333333333
12Feb21,3.6455
15Feb21,3.645
16Feb21,3.651
17Feb21,3.655
18Feb21,3.65066666666667
19Feb21,3.65366666666667
22Feb21,3.6555
23Feb21,3.65366666666667
24Feb21,3.6505
25Feb21,3.64883333333333
26Feb21,3.65083333333333
01Mar21,3.6545
02Mar21,3.66516666666667
03Mar21,3.67633333333333
04Mar21,3.6775
05Mar21,3.6955
08Mar21,3.70466666666667
09Mar21,3.704
10Mar21,3.69416666666667
11Mar21,3.693
12Mar21,3.70566666666667
15Mar21,3.718
16Mar21,3.70566666666667
17Mar21,3.709
18Mar21,3.7075
19Mar21,3.71533333333333
22Mar21,3.72266666666667
23Mar21,3.71983333333333
24Mar21,3.72433333333333
25Mar21,3.73366666666667
26Mar21,3.73633333333333
29Mar21,3.75116666666667
30Mar21,3.76616666666667
31Mar21,3.7555
01Abr21,n.d.
02Abr21,n.d.
05Abr21,3.71416666666667
06Abr21,3.6485
07Abr21,3.61383333333333
08Abr21,3.59666666666667
09Abr21,3.62783333333333
12Abr21,3.64466666666667
13Abr21,3.627
14Abr21,3.63083333333333
15Abr21,3.62266666666667
16Abr21,3.633
19Abr21,3.681
20Abr21,3.6875
21Abr21,3.70666666666667
22Abr21,3.7625
23Abr21,3.77833333333333
26Abr21,3.831
27Abr21,3.84233333333333
28Abr21,3.79666666666667
29Abr21,3.78766666666667
30Abr21,3.79016666666667
03May21,3.81383333333333
04May21,3.83533333333333
05May21,3.828
06May21,3.81933333333333
07May21,3.80133333333333
10May21,3.762
11May21,3.70283333333333
12May21,3.732
13May21,3.68033333333333
14May21,3.67866666666667
17May21,3.717
18May21,3.73466666666667
19May21,3.75016666666667
20May21,3.736
21May21,3.75
24May21,3.80133333333333
25May21,3.83266666666667
26May21,3.84766666666667
27May21,3.86933333333333
28May21,3.801
31May21,3.8265
01Jun21,3.845
02Jun21,3.85833333333333
03Jun21,3.86066666666667
04Jun21,3.83566666666667
07Jun21,3.94
08Jun21,3.94633333333333
09Jun21,3.89083333333333
10Jun21,3.887
11Jun21,3.89883333333333
14Jun21,3.90033333333333
15Jun21,3.90466666666667
16Jun21,3.90533333333333
17Jun21,3.9185
18Jun21,3.94433333333333
21Jun21,3.96
22Jun21,3.97583333333333
23Jun21,3.97833333333333
24Jun21,3.983
25Jun21,3.9785
28Jun21,3.91266666666667
29Jun21,n.d.
30Jun21,3.86333333333333
01Jul21,3.86316666666667
02Jul21,3.88783333333333
05Jul21,3.92016666666667
06Jul21,3.95233333333333
07Jul21,3.96033333333333
08Jul21,3.96616666666667
09Jul21,3.96
12Jul21,3.96066666666667
13Jul21,3.9715
14Jul21,3.96483333333333
15Jul21,3.95716666666667
16Jul21,3.90883333333333
19Jul21,3.94083333333333
20Jul21,3.9545
21Jul21,3.95
22Jul21,3.94116666666667
23Jul21,3.92433333333333
26Jul21,3.90983333333333
27Jul21,3.92233333333333
28Jul21,n.d.
29Jul21,n.d.
30Jul21,4.05383333333333
02Ago21,4.059
03Ago21,4.06783333333333
04Ago21,4.07633333333333
05Ago21,4.07266666666667
06Ago21,4.09133333333333
09Ago21,4.10733333333333
10Ago21,4.06483333333333
11Ago21,4.08966666666667
12Ago21,4.09716666666667
13Ago21,4.07966666666667
16Ago21,4.0775
17Ago21,4.08716666666667
18Ago21,4.095
19Ago21,4.11166666666667
20Ago21,4.11316666666667
23Ago21,4.10866666666667
24Ago21,4.0925
25Ago21,4.09716666666667
26Ago21,4.09
27Ago21,4.07433333333333
30Ago21,n.d.
31Ago21,4.086
01Set21,4.08116666666667
02Set21,4.1
03Set21,4.09416666666667
06Set21,4.103
07Set21,4.10133333333333
08Set21,4.092
09Set21,4.1
10Set21,4.1
13Set21,4.105
14Set21,4.10433333333333
15Set21,4.10733333333333
16Set21,4.1125
17Set21,4.109
20Set21,4.119
21Set21,4.11266666666667
22Set21,4.11033333333333
23Set21,4.11233333333333
24Set21,4.10933333333333
27Set21,4.12483333333333
28Set21,4.1265
29Set21,4.12816666666667
30Set21,4.1375
01Oct21,4.12866666666667
04Oct21,4.13016666666667
05Oct21,4.133
06Oct21,4.13533333333333
07Oct21,4.08816666666667
08Oct21,n.d.
11Oct21,4.07166666666667
12Oct21,4.0615
13Oct21,3.99316666666667
14Oct21,3.93583333333333
15Oct21,3.92883333333333
18Oct21,3.94966666666667
19Oct21,3.9465
20Oct21,3.9435
21Oct21,3.95166666666667
22Oct21,3.96416666666667
25Oct21,3.971
26Oct21,3.9935
27Oct21,3.98666666666667
28Oct21,3.97833333333333
29Oct21,3.99233333333333
01Nov21,n.d.
02Nov21,4.00866666666667
03Nov21,4.0125
04Nov21,4.01066666666667
05Nov21,4.01483333333333
08Nov21,4.0135
09Nov21,4.01566666666667
10Nov21,4.0245
11Nov21,4.02216666666667
12Nov21,4.0225
15Nov21,4.0045
16Nov21,3.99933333333333
17Nov21,4.004
18Nov21,4.01966666666667
19Nov21,4.02016666666667
22Nov21,4.01933333333333
23Nov21,4.00833333333333
24Nov21,4.022
25Nov21,4.02916666666667
26Nov21,4.03966666666667
29Nov21,4.05416666666667
30Nov21,4.06566666666667
01Dic21,4.06866666666667
02Dic21,4.072
03Dic21,4.0755
06Dic21,4.084
07Dic21,4.07783333333333
08Dic21,n.d.
09Dic21,4.08166666666667
10Dic21,4.06816666666667
13Dic21,4.0605
14Dic21,4.05583333333333
15Dic21,4.056
16Dic21,4.04016666666667
17Dic21,4.03733333333333
20Dic21,4.047
21Dic21,4.05416666666667
22Dic21,4.046
23Dic21,4.01716666666667
24Dic21,4.0075
27Dic21,3.98783333333333
28Dic21,3.95266666666667
29Dic21,3.97066666666667
30Dic21,3.98666666666667
31Dic21,3.9814
03Ene22,3.98883333333333
04Ene22,3.964
05Ene22,3.95633333333333
06Ene22,3.96966666666667
07Ene22,3.94816666666667
10Ene22,3.93016666666667
11Ene22,3.91933333333333
12Ene22,3.896
13Ene22,3.89783333333333
14Ene22,3.87583333333333
17Ene22,3.85733333333333
18Ene22,3.85583333333333
19Ene22,3.86533333333333
20Ene22,3.84766666666667
21Ene22,3.82766666666667
24Ene22,3.84183333333333
25Ene22,3.84966666666667
26Ene22,3.84333333333333
27Ene22,3.839
28Ene22,3.8475
31Ene22,3.84316666666667
01Feb22,3.87766666666667
02Feb22,3.857
03Feb22,3.86083333333333
04Feb22,3.86783333333333
07Feb22,3.84583333333333
08Feb22,3.84216666666667
09Feb22,3.82466666666667
10Feb22,3.76166666666667
11Feb22,3.7585
14Feb22,3.7905
15Feb22,3.8005
16Feb22,3.76816666666667
17Feb22,3.73933333333333
18Feb22,3.7215
21Feb22,3.75133333333333
22Feb22,3.74016666666667
23Feb22,3.7205
24Feb22,3.79566666666667
25Feb22,3.7535
28Feb22,3.76166666666667
01Mar22,3.79466666666667
02Mar22,3.76633333333333
03Mar22,3.73166666666667
04Mar22,3.75966666666667
07Mar22,3.7455
08Mar22,3.73466666666667
09Mar22,3.7175
10Mar22,3.72083333333333
11Mar22,3.694
14Mar22,3.71533333333333
15Mar22,3.739
16Mar22,3.72533333333333
17Mar22,3.73566666666667
18Mar22,3.7745
21Mar22,3.789
22Mar22,3.77583333333333
23Mar22,3.77133333333333
24Mar22,3.7485
25Mar22,3.7305
28Mar22,3.7325
29Mar22,3.72066666666667
30Mar22,3.7235
31Mar22,3.693
01Abr22,3.65133333333333
04Abr22,3.6305
05Abr22,3.69833333333333
06Abr22,3.71933333333333
07Abr22,3.71266666666667
08Abr22,3.71516666666667
11Abr22,3.7145
12Abr22,3.7095
13Abr22,3.73883333333333
14Abr22,n.d.
15Abr22,n.d.
18Abr22,3.736
19Abr22,3.72883333333333
20Abr22,3.70766666666667
21Abr22,3.72983333333333
22Abr22,3.76533333333333
25Abr22,3.8115
26Abr22,3.81816666666667
27Abr22,3.83166666666667
28Abr22,3.85166666666667
29Abr22,3.8345
02May22,3.8435
03May22,3.82116666666667
04May22,3.79783333333333
05May22,3.785
06May22,3.8125
09May22,3.82883333333333
10May22,3.80733333333333
11May22,3.78416666666667
12May22,3.7965
13May22,3.78183333333333
16May22,3.78233333333333
17May22,3.7595
18May22,3.771
19May22,3.749
20May22,3.72883333333333
23May22,3.71716666666667
24May22,3.711
25May22,3.691
26May22,3.66016666666667
27May22,3.6735
30May22,3.68166666666667
31May22,3.70283333333333
01Jun22,3.7235
02Jun22,3.70883333333333
03Jun22,3.70716666666667
06Jun22,3.72833333333333
07Jun22,3.7545
08Jun22,3.75716666666667
09Jun22,3.75633333333333
10Jun22,3.77683333333333
13Jun22,3.7745
14Jun22,3.75266666666667
15Jun22,3.728
16Jun22,3.72183333333333
17Jun22,3.72
20Jun22,3.7235
21Jun22,3.72133333333333
22Jun22,3.731
23Jun22,3.7455
24Jun22,3.785
27Jun22,3.78516666666667
28Jun22,3.78583333333333
29Jun22,n.d.
30Jun22,3.82466666666667
01Jul22,3.852
04Jul22,3.83216666666667
05Jul22,3.86
06Jul22,3.8855
07Jul22,3.88883333333333
08Jul22,3.90266666666667
11Jul22,3.95183333333333
12Jul22,3.976
13Jul22,3.95733333333333
14Jul22,3.94833333333333
15Jul22,3.89516666666667
18Jul22,3.888
19Jul22,3.87416666666667
20Jul22,3.88316666666667
21Jul22,3.91116666666667
22Jul22,3.91666666666667
25Jul22,3.91366666666667
26Jul22,3.92033333333333
27Jul22,3.92016666666667
28Jul22,n.d.
29Jul22,n.d.
01Ago22,3.88983333333333
02Ago22,3.92083333333333
03Ago22,3.91683333333333
04Ago22,3.89133333333333
05Ago22,3.90716666666667
08Ago22,3.913
09Ago22,3.93016666666667
10Ago22,3.89733333333333
11Ago22,3.88416666666667
12Ago22,3.86116666666667
15Ago22,3.8525
16Ago22,3.85866666666667
17Ago22,3.843
18Ago22,3.84383333333333
19Ago22,3.85866666666667
22Ago22,3.8795
23Ago22,3.8625
24Ago22,3.86683333333333
25Ago22,3.85433333333333
26Ago22,3.84133333333333
29Ago22,3.83516666666667
30Ago22,n.d.
31Ago22,3.845
01Set22,3.86533333333333
02Set22,3.87216666666667
05Set22,3.883
06Set22,3.89883333333333
07Set22,3.89316666666667
08Set22,3.87833333333333
09Set22,3.88066666666667
12Set22,3.85566666666667
13Set22,3.86716666666667
14Set22,3.87866666666667
15Set22,3.88933333333333
16Set22,3.88116666666667
19Set22,3.86966666666667
20Set22,3.8875
21Set22,3.9005
22Set22,3.905
23Set22,3.9115
26Set22,3.93916666666667
27Set22,3.94983333333333
28Set22,3.94983333333333
29Set22,3.973
30Set22,3.98333333333333
03Oct22,3.9675
04Oct22,3.95216666666667
05Oct22,3.9665
06Oct22,3.98166666666667
07Oct22,3.9765
10Oct22,3.96
11Oct22,3.97133333333333
12Oct22,3.98316666666667
13Oct22,3.98466666666667
14Oct22,3.99033333333333
17Oct22,3.98033333333333
18Oct22,3.97666666666667
19Oct22,3.98583333333333
20Oct22,3.98016666666667
21Oct22,3.98483333333333
24Oct22,4.0015
25Oct22,3.99716666666667
26Oct22,3.99033333333333
27Oct22,3.98016666666667
28Oct22,3.97533333333333
31Oct22,3.9905
01Nov22,n.d.
02Nov22,3.96775
03Nov22,3.9725
04Nov22,3.95766666666667
07Nov22,3.95133333333333
08Nov22,3.92733333333333
09Nov22,3.914
10Nov22,3.86666666666667
11Nov22,3.85866666666667
14Nov22,3.85716666666667
15Nov22,3.83016666666667
16Nov22,3.838
17Nov22,3.8415
18Nov22,3.82983333333333
21Nov22,3.83916666666667
22Nov22,3.84983333333333
23Nov22,3.8515
24Nov22,3.848
25Nov22,3.86566666666667
28Nov22,3.8565
29Nov22,3.846
30Nov22,3.855
01Dic22,3.83
02Dic22,3.83566666666667
05Dic22,3.849
06Dic22,3.84566666666667
07Dic22,3.84633333333333
08Dic22,n.d.
09Dic22,n.d.
12Dic22,3.83783333333333
13Dic22,3.8305
14Dic22,3.83633333333333
15Dic22,3.84783333333333
16Dic22,3.848
19Dic22,3.83583333333333
20Dic22,3.834
21Dic22,3.818
22Dic22,3.81466666666667
23Dic22,3.818
26Dic22,3.82066666666667
27Dic22,3.82
28Dic22,3.81133333333333
29Dic22,3.81216666666667
30Dic22,3.81166666666667
02Ene23,n.d.
03Ene23,3.81733333333333
04Ene23,3.82566666666667
05Ene23,3.82683333333333
06Ene23,3.8025
09Ene23,3.79533333333333
10Ene23,3.8035
11Ene23,3.78033333333333
12Ene23,3.78366666666667
13Ene23,3.81083333333333
16Ene23,3.827
17Ene23,3.842
18Ene23,3.83583333333333
19Ene23,3.8625
20Ene23,3.85683333333333
23Ene23,3.87516666666667
24Ene23,3.89016666666667
25Ene23,3.899
26Ene23,3.86166666666667
27Ene23,3.82933333333333
30Ene23,3.857
31Ene23,3.84783333333333
01Feb23,3.846
02Feb23,3.83116666666667
03Feb23,3.84883333333333
06Feb23,3.85116666666667
07Feb23,3.846
08Feb23,3.85833333333333
09Feb23,3.86533333333333
10Feb23,3.85466666666667
13Feb23,3.85216666666667
14Feb23,3.86066666666667
15Feb23,3.86316666666667
16Feb23,3.86466666666667
17Feb23,3.84516666666667
20Feb23,3.845
21Feb23,3.83483333333333
22Feb23,3.82166666666667
23Feb23,3.803
24Feb23,3.82116666666667
27Feb23,3.81216666666667
28Feb23,3.80466666666667
01Mar23,3.776
02Mar23,3.78616666666667
03Mar23,3.78416666666667
06Mar23,3.7855
07Mar23,3.78883333333333
08Mar23,3.79166666666667
09Mar23,3.78816666666667
10Mar23,3.78266666666667
13Mar23,3.80283333333333
14Mar23,3.78883333333333
15Mar23,3.80916666666667
16Mar23,3.79416666666667
17Mar23,3.79516666666667
20Mar23,3.77933333333333
21Mar23,3.77033333333333
22Mar23,3.77233333333333
23Mar23,3.767
24Mar23,3.7732
27Mar23,3.7685
28Mar23,3.7655
29Mar23,3.75633333333333
30Mar23,3.75933333333333
31Mar23,3.76283333333333
03Abr23,3.768
04Abr23,3.77283333333333
05Abr23,3.772
06Abr23,n.d.
07Abr23,n.d.
10Abr23,3.781
11Abr23,3.7845
12Abr23,3.776
13Abr23,3.77566666666667
14Abr23,3.78183333333333
17Abr23,3.7835
18Abr23,3.77833333333333
19Abr23,3.7785
20Abr23,3.76483333333333
21Abr23,3.7635
24Abr23,3.75816666666667
25Abr23,3.756
26Abr23,3.74683333333333
27Abr23,3.731
28Abr23,3.71433333333333
01May23,n.d.
02May23,3.70983333333333
03May23,3.70783333333333
04May23,3.71933333333333
05May23,3.71316666666667
08May23,3.706
09May23,3.69783333333333
10May23,3.6735
11May23,3.67833333333333
12May23,3.656
15May23,3.66333333333333
16May23,3.68533333333333
17May23,3.69566666666667
18May23,3.7025
19May23,3.69066666666667
22May23,3.69216666666667
23May23,3.694
24May23,3.68766666666667
25May23,3.695
26May23,3.6725
29May23,3.67433333333333
30May23,3.6745
31May23,3.6795
01Jun23,3.68366666666667
02Jun23,3.68666666666667
05Jun23,3.67866666666667
06Jun23,3.69033333333333
07Jun23,3.67033333333333
08Jun23,3.65733333333333
09Jun23,3.64583333333333
12Jun23,3.654
13Jun23,3.64616666666667
14Jun23,3.65
15Jun23,3.65116666666667
16Jun23,3.63566666666667
19Jun23,3.63583333333333
20Jun23,3.64533333333333
21Jun23,3.6425
22Jun23,3.63733333333333
23Jun23,3.63333333333333
26Jun23,3.64133333333333
27Jun23,3.63766666666667
28Jun23,3.633
29Jun23,n.d.
30Jun23,3.62716666666667
03Jul23,3.627
04Jul23,3.62883333333333
05Jul23,3.632
06Jul23,3.647
07Jul23,3.64083333333333
10Jul23,3.63966666666667
11Jul23,3.63183333333333
12Jul23,3.58816666666667
13Jul23,3.572
14Jul23,3.56383333333333
17Jul23,3.56266666666667
18Jul23,3.5575
19Jul23,3.57983333333333
20Jul23,3.58783333333333
21Jul23,3.58716666666667
24Jul23,3.58883333333333
25Jul23,3.603
26Jul23,3.59933333333333
27Jul23,3.59683333333333
28Jul23,n.d.
31Jul23,3.61116666666667
01Ago23,3.63833333333333
02Ago23,3.66233333333333
03Ago23,3.698
04Ago23,3.69116666666667
07Ago23,3.69166666666667
08Ago23,3.709
09Ago23,3.69366666666667
10Ago23,3.67433333333333
11Ago23,3.6845
14Ago23,3.7045
15Ago23,3.71866666666667
16Ago23,3.71533333333333
17Ago23,3.72466666666667
18Ago23,3.72
21Ago23,3.72
22Ago23,3.72783333333333
23Ago23,3.71083333333333
24Ago23,3.6987
25Ago23,3.693
28Ago23,3.696
29Ago23,3.69366666666667
30Ago23,n.d.
31Ago23,3.69466666666667
01Set23,3.69166666666667
04Set23,3.69183333333333
05Set23,3.70516666666667
06Set23,3.70583333333333
07Set23,3.71216666666667
08Set23,3.716
11Set23,3.70066666666667
12Set23,3.707
13Set23,3.70366666666667
14Set23,3.71083333333333
15Set23,3.72283333333333
18Set23,3.70916666666667
19Set23,3.71333333333333
20Set23,3.71716666666667
21Set23,3.74233333333333
22Set23,3.74883333333333
25Set23,3.77383333333333
26Set23,3.78483333333333
27Set23,3.80033333333333
28Set23,3.80483333333333
29Set23,3.79283333333333
02Oct23,3.80033333333333
03Oct23,3.81333333333333
04Oct23,3.8145
05Oct23,3.82283333333333
06Oct23,3.82933333333333
09Oct23,3.8375
10Oct23,3.8255
11Oct23,3.825
12Oct23,3.843
13Oct23,3.8505
16Oct23,3.86
17Oct23,3.85983333333333
18Oct23,3.86833333333333
19Oct23,3.87216666666667
20Oct23,3.874
23Oct23,3.87216666666667
24Oct23,3.8655
25Oct23,3.87166666666667
26Oct23,3.869
27Oct23,3.8585
30Oct23,3.84283333333333
31Oct23,3.83783333333333
01Nov23,n.d.
02Nov23,3.79483333333333
03Nov23,3.735
06Nov23,3.75916666666667
07Nov23,3.77566666666667
08Nov23,3.79683333333333
09Nov23,3.7965
10Nov23,3.81166666666667
13Nov23,3.81216666666667
14Nov23,3.76933333333333
15Nov23,3.77333333333333
16Nov23,3.77
17Nov23,3.77116666666667
20Nov23,3.7395
21Nov23,3.7405
22Nov23,3.742
23Nov23,3.735
24Nov23,3.73316666666667
27Nov23,3.723
28Nov23,3.72933333333333
29Nov23,3.7335
30Nov23,3.73833333333333
01Dic23,3.7345
04Dic23,3.745
05Dic23,3.75733333333333
06Dic23,3.75516666666667
07Dic23,3.75483333333333
08Dic23,n.d.
11Dic23,3.773
12Dic23,3.77633333333333
13Dic23,3.78666666666667
14Dic23,3.76333333333333
15Dic23,3.76383333333333
18Dic23,3.74833333333333
19Dic23,3.7135
20Dic23,3.706
21Dic23,3.70466666666667
22Dic23,3.68483333333333
25Dic23,n.d.
26Dic23,3.68683333333333
27Dic23,3.69083333333333
28Dic23,3.7025
29Dic23,3.70983333333333
01Ene24,n.d.
02Ene24,n.d.
03Ene24,3.734
04Ene24,3.73683333333333
05Ene24,3.71883333333333
08Ene24,3.71216666666667
09Ene24,3.7065
10Ene24,3.7025
11Ene24,3.7005
12Ene24,3.6945
15Ene24,3.698
16Ene24,3.71783333333333
17Ene24,3.74016666666667
18Ene24,3.74133333333333
19Ene24,3.74183333333333
22Ene24,3.741
23Ene24,3.757
24Ene24,3.76033333333333
25Ene24,3.76316666666667
26Ene24,3.786
29Ene24,3.807
30Ene24,3.81083333333333
31Ene24,3.80583333333333
01Feb24,3.80616666666667
02Feb24,3.833
05Feb24,3.85683333333333
06Feb24,3.85716666666667
07Feb24,3.86583333333333
08Feb24,3.85366666666667
09Feb24,3.86633333333333
12Feb24,3.86333333333333
13Feb24,3.884
14Feb24,3.874
15Feb24,3.86233333333333
16Feb24,3.82966666666667
19Feb24,3.79933333333333
20Feb24,3.784
21Feb24,3.79583333333333
22Feb24,3.8
23Feb24,3.7955
26Feb24,3.79816666666667
27Feb24,3.78883333333333
28Feb24,3.79416666666667
29Feb24,3.78116666666667
01Mar24,3.77016666666667
04Mar24,3.766
05Mar24,3.76383333333333
06Mar24,3.731
07Mar24,3.72033333333333
08Mar24,3.68966666666667
11Mar24,3.68783333333333
12Mar24,3.69183333333333
13Mar24,3.667
14Mar24,3.67833333333333
15Mar24,3.68916666666667
18Mar24,3.69883333333333
19Mar24,3.70433333333333
20Mar24,3.69516666666667
21Mar24,3.69466666666667
22Mar24,3.694
25Mar24,3.70533333333333
26Mar24,3.72383333333333
27Mar24,3.718
28Mar24,n.d.
29Mar24,n.d.
01Abr24,3.72966666666667
02Abr24,3.70966666666667
03Abr24,3.68966666666667
04Abr24,3.678
05Abr24,3.68666666666667
08Abr24,3.67683333333333
09Abr24,3.69216666666667
10Abr24,3.70983333333333
11Abr24,3.7055
12Abr24,3.70283333333333
15Abr24,3.72583333333333
16Abr24,3.75616666666667
17Abr24,3.7445
18Abr24,3.7375
19Abr24,3.69966666666667
22Abr24,3.6945
23Abr24,3.70166666666667
24Abr24,3.72483333333333
25Abr24,3.74766666666667
26Abr24,3.752666667
29Abr24,3.72983333333333
30Abr24,3.754
01May24,n.d.
02May24,3.74833333333333
03May24,3.71883333333333
06May24,3.7255
07May24,3.72683333333333
08May24,3.72216666666667
09May24,3.70583333333333
10May24,3.70716666666667
13May24,3.72033333333333
14May24,3.7245
15May24,3.71783333333333
16May24,3.72783333333333
17May24,3.74033333333333
20May24,3.73566666666667
21May24,3.73216666666667
22May24,3.7415
23May24,3.74233333333333
24May24,3.73766666666667
27May24,3.74283333333333
28May24,3.74716666666667
29May24,3.75983333333333
30May24,3.75983333333333
31May24,3.73533333333333
03Jun24,3.73083333333333
04Jun24,3.7405
05Jun24,3.74633333333333
06Jun24,3.753
07Jun24,n.d.
10Jun24,3.78
11Jun24,3.78383333333333
12Jun24,3.77166666666667
13Jun24,3.77316666666667
14Jun24,3.774
17Jun24,3.7925
18Jun24,3.79016666666667
19Jun24,3.81816666666667
20Jun24,3.8095
21Jun24,3.80233333333333
24Jun24,3.8025
25Jun24,3.81383333333333
26Jun24,3.82283333333333
27Jun24,3.82383333333333
28Jun24,3.836
01Jul24,3.84583333333333
02Jul24,3.8275
03Jul24,3.79966666666667
04Jul24,3.79483333333333
05Jul24,3.79466666666667
08Jul24,3.79
09Jul24,3.78383333333333
10Jul24,3.78033333333333
11Jul24,3.76683333333333
12Jul24,3.73233333333333
15Jul24,3.72816666666667
16Jul24,3.71633333333333
17Jul24,3.7215
18Jul24,3.7365
19Jul24,3.74516666666667
22Jul24,3.75516666666667
23Jul24,n.d.
24Jul24,3.7755
25Jul24,3.76083333333333
26Jul24,n.d.
29Jul24,n.d.
30Jul24,3.73483333333333
31Jul24,3.7195
01Ago24,3.738
02Ago24,3.74316666666667
05Ago24,3.74583333333333
06Ago24,n.d.
07Ago24,3.73416666666667
08Ago24,3.7295
09Ago24,3.73066666666667
12Ago24,3.74433333333333
13Ago24,3.74766666666667
14Ago24,3.73816666666667
15Ago24,3.73716666666667
16Ago24,3.7425
19Ago24,3.73483333333333
20Ago24,3.7465
21Ago24,3.74433333333333
22Ago24,3.759
23Ago24,3.746
26Ago24,3.752
27Ago24,3.74333333333333
28Ago24,3.73933333333333
29Ago24,3.74766666666667
30Ago24,n.d.
02Set24,3.765
03Set24,3.78366666666667
04Set24,3.79666666666667
05Set24,3.79483333333333
06Set24,3.79666666666667
09Set24,3.81183333333333
10Set24,3.8185
11Set24,3.788
12Set24,3.76883333333333
13Set24,3.7695
16Set24,3.78366666666667
17Set24,3.7735
18Set24,3.75883333333333
19Set24,3.74783333333333
20Set24,3.75183333333333
23Set24,3.77016666666667
24Set24,3.76416666666667
25Set24,3.76233333333333
26Set24,3.73083333333333
27Set24,3.7155
30Set24,3.70816666666667
01Oct24,3.71816666666667
02Oct24,3.718
03Oct24,3.72866666666667
04Oct24,3.73233333333333
07Oct24,3.74083333333333
08Oct24,n.d.
09Oct24,3.75866666666667
10Oct24,3.7685
11Oct24,3.756
14Oct24,3.75816666666667
15Oct24,3.77
16Oct24,3.77166666666667
17Oct24,3.76633333333333
18Oct24,3.754
21Oct24,3.76533333333333
22Oct24,3.7555
23Oct24,3.75416666666667
24Oct24,3.75366666666667
25Oct24,3.7605
28Oct24,3.771
29Oct24,3.77116666666667
30Oct24,3.7745
31Oct24,3.76816666666667
01Nov24,n.d.
04Nov24,3.76866666666667
05Nov24,3.77483333333333
06Nov24,3.78483333333333
07Nov24,3.75583333333333
08Nov24,3.7695
11Nov24,3.77833333333333
12Nov24,3.7885
13Nov24,3.80183333333333
14Nov24,3.80366666666667
15Nov24,3.8015
18Nov24,3.79566666666667
19Nov24,3.7965
20Nov24,3.796
21Nov24,3.795
22Nov24,3.79516666666667
25Nov24,3.77466666666667
26Nov24,3.768
27Nov24,3.75733333333333
28Nov24,3.748
29Nov24,3.74616666666667
02Dic24,3.76033333333333
03Dic24,3.74533333333333
04Dic24,3.73883333333333
05Dic24,3.73083333333333
06Dic24,3.72183333333333
09Dic24,n.d.
10Dic24,3.712
11Dic24,3.72083333333333
12Dic24,3.73583333333333
13Dic24,3.7355
16Dic24,3.7345
17Dic24,3.74116666666667
18Dic24,3.73516666666667
19Dic24,3.73733333333333
20Dic24,3.72416666666667
23Dic24,3.72783333333333
24Dic24,3.72966666666667
25Dic24,n.d.
26Dic24,3.74116666666667
27Dic24,3.7465
30Dic24,3.76666666666667
31Dic24,n.d.
01Ene25,n.d.
02Ene25,3.75416666666667
03Ene25,3.76016666666667
06Ene25,3.7625
07Ene25,3.7695
08Ene25,3.78116666666667
09Ene25,3.7675
10Ene25,3.77
13Ene25,3.78166666666667
14Ene25,3.7755
15Ene25,3.76533333333333
16Ene25,3.76616666666667
17Ene25,3.74716666666667
20Ene25,3.73466666666667
21Ene25,3.732
22Ene25,3.72116666666667
23Ene25,3.7145
24Ene25,3.71416666666667
27Ene25,3.7375
28Ene25,3.74066666666667
29Ene25,3.7235
30Ene25,3.71783333333333
31Ene25,3.72366666666667
03Feb25,3.72083333333333
04Feb25,3.70633333333333
05Feb25,3.71766666666667
06Feb25,3.713
07Feb25,3.71616666666667
10Feb25,3.71416666666667
11Feb25,3.71283333333333
12Feb25,3.713
13Feb25,3.71683333333333
14Feb25,3.7035
17Feb25,3.6945
18Feb25,3.688
19Feb25,3.68683333333333
20Feb25,3.68266666666667
21Feb25,3.67866666666667
24Feb25,3.686
25Feb25,3.682
26Feb25,3.675
27Feb25,3.67183333333333
28Feb25,3.68133333333333
03Mar25,3.68583333333333
04Mar25,3.688
05Mar25,3.65566666666667
06Mar25,3.64933333333333
07Mar25,3.65833333333333
10Mar25,3.66383333333333
11Mar25,3.66716666666667
12Mar25,3.66216666666667
13Mar25,3.66966666666667
14Mar25,3.65716666666667
17Mar25,3.64683333333333
18Mar25,3.63566666666667
19Mar25,3.62133333333333
20Mar25,3.6245
21Mar25,3.63483333333333
24Mar25,3.64633333333333
25Mar25,3.63766666666667
26Mar25,3.64
27Mar25,3.64533333333333
28Mar25,3.65266666666667
31Mar25,3.67083333333333
01Abr25,3.67216666666667
02Abr25,3.67666666666667
03Abr25,3.66333333333333
04Abr25,3.69333333333333
07Abr25,3.70683333333333
08Abr25,3.737
09Abr25,3.74183333333333
10Abr25,3.7295
11Abr25,3.72966666666667
14Abr25,3.7305
15Abr25,3.74616666666667
16Abr25,3.733
17Abr25,n.d.
18Abr25,n.d.
21Abr25,3.7075
22Abr25,3.69483333333333
23Abr25,3.6955
24Abr25,3.679
25Abr25,3.67016666666667
28Abr25,3.66933333333333
29Abr25,3.66933333333333
30Abr25,3.67266666666667
01May25,n.d.
02May25,3.65316666666667
05May25,3.65933333333333
06May25,3.65983333333333
07May25,3.65366666666667
08May25,3.63916666666667
09May25,3.6445
12May25,3.6575
13May25,3.65633333333333
14May25,3.67883333333333
15May25,3.68233333333333
16May25,3.69266666666667
19May25,3.68766666666667
20May25,3.69266666666667
21May25,3.68116666666667
22May25,3.66416666666667
23May25,3.6605
26May25,3.65716666666667
27May25,3.64683333333333
28May25,3.6445
29May25,3.63233333333333
30May25,3.62816666666667
02Jun25,3.6165
03Jun25,3.625
04Jun25,3.61583333333333
05Jun25,3.62583333333333
06Jun25,3.65116666666667
09Jun25,3.64433333333333
10Jun25,3.6355
11Jun25,3.63016666666667
12Jun25,3.6165
13Jun25,3.61666666666667
16Jun25,3.60733333333333
17Jun25,3.613
18Jun25,3.595
19Jun25,3.58866666666667
20Jun25,3.59866666666667
23Jun25,3.60066666666667
24Jun25,3.57683333333333
25Jun25,3.57283333333333
26Jun25,3.56233333333333
27Jun25,3.5505
30Jun25,3.5415
01Jul25,3.55433333333333
02Jul25,3.55533333333333
03Jul25,3.5425
04Jul25,3.55116666666667
07Jul25,3.56233333333333
08Jul25,3.55766666666667
09Jul25,3.55033333333333
10Jul25,3.552
11Jul25,3.55416666666667
14Jul25,3.5655
15Jul25,3.56516666666667
16Jul25,3.55333333333333
17Jul25,3.5545
18Jul25,3.565
21Jul25,3.561
22Jul25,3.55816666666667
23Jul25,n.d.
24Jul25,3.5485
25Jul25,3.545
28Jul25,n.d.
29Jul25,n.d.
30Jul25,3.567
31Jul25,3.58783333333333
01Ago25,3.58266666666667
04Ago25,3.56966666666667
05Ago25,3.55833333333333
06Ago25,n.d.
07Ago25,3.544
08Ago25,3.527
11Ago25,3.53166666666667
12Ago25,3.5235
13Ago25,3.53816666666667
14Ago25,3.56066666666667
15Ago25,3.56183333333333
18Ago25,3.55316666666667
19Ago25,3.53366666666667
20Ago25,3.53
21Ago25,3.53616666666667
22Ago25,3.523
25Ago25,3.52833333333333
26Ago25,3.538
27Ago25,3.5535
28Ago25,3.54416666666667
29Ago25,3.534
01Set25,3.53416666666667
02Set25,3.5415
03Set25,3.53183333333333
04Set25,3.5335
05Set25,3.52116666666667
08Set25,3.51633333333333
09Set25,3.505
10Set25,3.48633333333333
11Set25,3.481
12Set25,3.49533333333333
15Set25,3.493
16Set25,3.48416666666667
17Set25,3.48316666666667
18Set25,3.48683333333333
19Set25,3.49357142857143
22Set25,3.50478571428571
23Set25,3.50121428571429
24Set25,3.50764285714286
25Set25,3.50714285714286
26Set25,3.49692857142857
29Set25,3.48235714285714
30Set25,3.473
01Oct25,3.4705
02Oct25,3.48235714285714
03Oct25,3.468
06Oct25,3.45885714285714
07Oct25,3.44957142857143
08Oct25,n.d.
09Oct25,3.43464285714286
10Oct25,3.439
13Oct25,3.42857142857143
14Oct25,3.42635714285714
15Oct25,3.4115
16Oct25,3.39378571428571
17Oct25,3.38542857142857
20Oct25,3.3725
21Oct25,3.38671428571429
22Oct25,3.40135714285714
23Oct25,3.39692857142857
24Oct25,3.38385714285714
27Oct25,3.38157142857143
28Oct25,3.392
29Oct25,3.39021428571429
30Oct25,3.39407142857143
31Oct25,3.37585714285714
03Nov25,3.37492857142857
04Nov25,3.38707142857143
05Nov25,3.37642857142857
06Nov25,3.37535714285714
07Nov25,3.3765
10Nov25,3.37235714285714
11Nov25,3.36085714285714
12Nov25,3.36942857142857
13Nov25,3.365
14Nov25,3.3725
17Nov25,3.36335714285714
18Nov25,3.36907142857143
19Nov25,3.37771428571429
20Nov25,3.38114285714286
21Nov25,3.38928571428571
24Nov25,3.38528571428571
25Nov25,3.37721428571429
26Nov25,3.36685714285714
27Nov25,3.36642857142857
28Nov25,3.3625
01Dic25,3.37064285714286
02Dic25,3.37014285714286
03Dic25,3.3645
04Dic25,3.35942857142857
05Dic25,3.36671428571429
08Dic25,n.d.
09Dic25,n.d.
10Dic25,3.37214285714286
11Dic25,3.36757142857143
12Dic25,3.36885714285714
15Dic25,3.3705
16Dic25,3.37142857142857
17Dic25,3.36914285714286
18Dic25,3.36664285714286
19Dic25,3.36785714285714
22Dic25,3.36614285714286
23Dic25,3.367
24Dic25,3.365
25Dic25,n.d.
26Dic25,n.d.
29Dic25,3.367
30Dic25,3.36435714285714
31Dic25,3.3636
01Ene26,n.d.
02Ene26,n.d.
05Ene26,3.36485714285714
06Ene26,3.36057142857143
07Ene26,3.36257142857143
08Ene26,3.36371428571429
09Ene26,3.36171428571429
12Ene26,3.36057142857143
13Ene26,3.35857142857143
14Ene26,3.35971428571429
15Ene26,3.36171428571429
16Ene26,3.36071428571429
19Ene26,3.35771428571429
20Ene26,3.35857142857143
21Ene26,3.35514285714286
22Ene26,3.355
23Ene26,3.35314285714286
26Ene26,3.35085714285714
27Ene26,3.348
28Ene26,3.342
29Ene26,3.34271428571429
30Ene26,3.35814285714286
02Feb26,3.36678571428571
03Feb26,3.36128571428571
04Feb26,3.36014285714286
05Feb26,3.36728571428571
06Feb26,3.35971428571429
09Feb26,3.35742857142857
10Feb26,3.35785714285714
11Feb26,3.35642857142857
12Feb26,3.35457142857143
13Feb26,3.353
16Feb26,3.34885714285714
17Feb26,3.34642857142857
18Feb26,3.34914285714286
19Feb26,3.36364285714286
20Feb26,3.35914285714286
23Feb26,3.35835714285714
24Feb26,3.35914285714286
25Feb26,3.357
26Feb26,3.35671428571429
27Feb26,3.35585714285714
02Mar26,3.36514285714286
03Mar26,3.41121428571429
04Mar26,3.4095
05Mar26,3.43264285714286
06Mar26,3.483
09Mar26,3.49178571428571
10Mar26,3.44221428571429
11Mar26,3.42514285714286
12Mar26,3.44735714285714
13Mar26,3.44728571428571
16Mar26,3.42592857142857
17Mar26,3.41228571428571
18Mar26,3.4365
19Mar26,3.45514285714286
20Mar26,3.47728571428571
23Mar26,3.45585714285714
24Mar26,3.4595
25Mar26,3.46235714285714
26Mar26,3.46842857142857
27Mar26,3.48992857142857
30Mar26,3.49071428571429
31Mar26,3.49014285714286
01Abr26,3.459
02Abr26,n.d.
03Abr26,n.d.
06Abr26,3.42964285714286
07Abr26,3.4325
08Abr26,3.38714285714286
09Abr26,3.38214285714286
10Abr26,3.388
13Abr26,3.37092857142857
14Abr26,3.39185714285714
15Abr26,3.439
16Abr26,3.436
17Abr26,3.43721428571429
20Abr26,3.43592857142857
21Abr26,3.43807142857143
22Abr26,3.44214285714286
23Abr26,3.46192857142857
24Abr26,3.4775
27Abr26,3.50771428571429
28Abr26,3.51957142857143
29Abr26,3.53
30Abr26,3.518
01May26,n.d.
04May26,3.51735714285714
05May26,3.49257142857143
06May26,3.46757142857143
07May26,3.46028571428571
08May26,3.44478571428571
11May26,3.43257142857143
12May26,3.43278571428571
13May26,3.42371428571429
14May26,3.41742857142857
15May26,3.43428571428571
18May26,3.42928571428571
19May26,3.42707142857143
20May26,3.41085714285714
21May26,3.41507142857143
22May26,3.41957142857143
25May26,3.413
26May26,3.41971428571429
27May26,3.41864285714286
28May26,3.41421428571429
29May26,3.4145
01Jun26,3.41878571428571
02Jun26,3.41007142857143
03Jun26,3.41978571428571
04Jun26,3.41471428571429
05Jun26,3.45485714285714
08Jun26,3.48421428571429
09Jun26,3.365
10Jun26,3.41235714285714
11Jun26,3.392
12Jun26,3.38835714285714
15Jun26,3.38321428571429
16Jun26,3.37957142857143
17Jun26,3.38071428571429
18Jun26,3.38557142857143
19Jun26,3.38214285714286
22Jun26,3.3845
23Jun26,3.40685714285714
24Jun26,3.42292857142857
25Jun26,3.41221428571429
26Jun26,3.41092857142857
29Jun26,n.d.
30Jun26,3.41014285714286
01Jul26,3.41457142857143
02Jul26,3.40514285714286
03Jul26,3.39828571428571
06Jul26,3.406
07Jul26,3.40614285714286
08Jul26,3.4105
09Jul26,3.40242857142857
10Jul26,3.39364285714286
13Jul26,3.40271428571429
14Jul26,3.393
15Jul26,3.38628571428571
16Jul26,3.39407142857143
17Jul26,3.40828571428571
20Jul26,3.40378571428571
21Jul26,3.39914285714286
22Jul26,3.40114285714286
23Jul26,n.d.
24Jul26,3.40664285714286
27Jul26,n.d.
28Jul26,n.d.
29Jul26,n.d.
30Jul26,3.393
31Jul26,3.39842857142857
03Ago26,3.39585714285714
04Ago26,3.39014285714286
05Ago26,3.38914285714286
06Ago26,n.d.
07Ago26,3.38078571428571
10Ago26,3.37692857142857
11Ago26,3.3665
12Ago26,3.36228571428571
13Ago26,3.36485714285714
14Ago26,3.36457142857143
17Ago26,3.36285714285714
18Ago26,3.36057142857143
